seed,model,certified_lambda,n_cal_positives,prevalence_high,nb_treat_all_at_0.05,nb_treat_none_at_0.05,nb_certified_at_0.05,nb_delta_at_0.05,nb_gain_over_treat_all_at_0.05,nb_treat_all_at_0.20,nb_treat_none_at_0.20,nb_certified_at_0.20,nb_delta_at_0.20,nb_gain_over_treat_all_at_0.20,nb_treat_all_at_0.50,nb_treat_none_at_0.50,nb_certified_at_0.50,nb_delta_at_0.50,nb_gain_over_treat_all_at_0.50,alert_rate_high
42,logistic_regression,0.05,239,0.4669,0.4389,0.0,0.4387,-0.0002,-0.0002,0.3337,0.0,0.3546,0.0209,0.0209,-0.0661,0.0,0.035,0.1012,0.1012,0.8871595330739299
42,random_forest,0.05,239,0.4669,0.4389,0.0,0.4355,-0.0034,-0.0034,0.3337,0.0,0.3541,0.0204,0.0204,-0.0661,0.0,0.0447,0.1109,0.1109,0.8696498054474708
42,gradient_boosting,0.05,239,0.4669,0.4389,0.0,0.4376,-0.0012,-0.0012,0.3337,0.0,0.357,0.0233,0.0233,-0.0661,0.0,0.0506,0.1167,0.1167,0.867704280155642
42,mlp,,239,0.4669,0.4389,0.0,nan,,nan,0.3337,0.0,nan,,nan,-0.0661,0.0,nan,,nan,nan
42,svm_rbf,0.05,239,0.4669,0.4389,0.0,0.4395,0.0006,0.0006,0.3337,0.0,0.3366,0.0029,0.0029,-0.0661,0.0,-0.0545,0.0117,0.0117,0.9883268482490273
42,uncalibrated_forest,0.05,239,0.4669,0.4389,0.0,0.4348,-0.0041,-0.0041,0.3337,0.0,0.3507,0.017,0.017,-0.0661,0.0,0.0311,0.0973,0.0973,0.8832684824902723
42,mlp_calibrated,0.1,239,0.4669,0.4389,0.0,0.4389,0.0,0.0,0.3337,0.0,0.3337,0.0,0.0,-0.0661,0.0,-0.0661,0.0,0.0,1.0
43,logistic_regression,0.1,256,0.4647,0.4366,0.0,0.4338,-0.0027,-0.0027,0.3309,0.0,0.3646,0.0337,0.0337,-0.0705,0.0,0.1017,0.1722,0.1722,0.8029045643153527
43,random_forest,0.1,256,0.4647,0.4366,0.0,0.4318,-0.0048,-0.0048,0.3309,0.0,0.3548,0.0239,0.0239,-0.0705,0.0,0.0622,0.1328,0.1328,0.8423236514522822
43,gradient_boosting,0.1,256,0.4647,0.4366,0.0,0.4328,-0.0037,-0.0037,0.3309,0.0,0.36,0.029,0.029,-0.0705,0.0,0.083,0.1535,0.1535,0.8215767634854771
43,mlp,,256,0.4647,0.4366,0.0,nan,,nan,0.3309,0.0,nan,,nan,-0.0705,0.0,nan,,nan,nan
43,svm_rbf,0.05,256,0.4647,0.4366,0.0,0.4327,-0.0038,-0.0038,0.3309,0.0,0.3283,-0.0026,-0.0026,-0.0705,0.0,-0.0685,0.0021,0.0021,0.9896265560165975
43,uncalibrated_forest,0.15,256,0.4647,0.4366,0.0,0.4255,-0.011,-0.011,0.3309,0.0,0.3641,0.0332,0.0332,-0.0705,0.0,0.1307,0.2012,0.2012,0.7531120331950207
43,mlp_calibrated,0.1,256,0.4647,0.4366,0.0,0.4366,0.0,0.0,0.3309,0.0,0.3309,0.0,0.0,-0.0705,0.0,-0.0705,0.0,0.0,1.0
44,logistic_regression,0.05,206,0.4603,0.4319,0.0,0.4335,0.0016,0.0016,0.3254,0.0,0.3483,0.0229,0.0229,-0.0794,0.0,0.0244,0.1039,0.1039,0.8879837067209776
44,random_forest,0.05,206,0.4603,0.4319,0.0,0.4352,0.0033,0.0033,0.3254,0.0,0.3488,0.0234,0.0234,-0.0794,0.0,0.0204,0.0998,0.0998,0.8961303462321792
44,gradient_boosting,0.05,206,0.4603,0.4319,0.0,0.4358,0.004,0.004,0.3254,0.0,0.3442,0.0188,0.0188,-0.0794,0.0,-0.0041,0.0754,0.0754,0.924643584521385
44,mlp,,206,0.4603,0.4319,0.0,nan,,nan,0.3254,0.0,nan,,nan,-0.0794,0.0,nan,,nan,nan
44,svm_rbf,0.05,206,0.4603,0.4319,0.0,0.4323,0.0004,0.0004,0.3254,0.0,0.3274,0.002,0.002,-0.0794,0.0,-0.0713,0.0081,0.0081,0.9918533604887984
44,uncalibrated_forest,0.05,206,0.4603,0.4319,0.0,0.4347,0.0028,0.0028,0.3254,0.0,0.3386,0.0132,0.0132,-0.0794,0.0,-0.0265,0.053,0.053,0.9470468431771895
44,mlp_calibrated,0.1,206,0.4603,0.4319,0.0,0.4319,0.0,0.0,0.3254,0.0,0.3254,0.0,0.0,-0.0794,0.0,-0.0794,0.0,0.0,1.0
45,logistic_regression,0.15,251,0.4765,0.4489,0.0,0.4437,-0.0053,-0.0053,0.3456,0.0,0.3896,0.044,0.044,-0.047,0.0,0.184,0.2311,0.2311,0.7321063394683026
45,random_forest,0.1,251,0.4765,0.4489,0.0,0.4484,-0.0005,-0.0005,0.3456,0.0,0.3737,0.0281,0.0281,-0.047,0.0,0.09,0.137,0.137,0.8466257668711656
45,gradient_boosting,0.1,251,0.4765,0.4489,0.0,0.4469,-0.002,-0.002,0.3456,0.0,0.3742,0.0286,0.0286,-0.047,0.0,0.0982,0.1452,0.1452,0.8343558282208589
45,mlp,,251,0.4765,0.4489,0.0,nan,,nan,0.3456,0.0,nan,,nan,-0.047,0.0,nan,,nan,nan
45,svm_rbf,0.1,251,0.4765,0.4489,0.0,0.4442,-0.0047,-0.0047,0.3456,0.0,0.3615,0.0158,0.0158,-0.047,0.0,0.047,0.0941,0.0941,0.885480572597137
45,uncalibrated_forest,0.15,251,0.4765,0.4489,0.0,0.4516,0.0027,0.0027,0.3456,0.0,0.3891,0.0435,0.0435,-0.047,0.0,0.1513,0.1984,0.1984,0.7852760736196319
45,mlp_calibrated,0.1,251,0.4765,0.4489,0.0,0.4489,0.0,0.0,0.3456,0.0,0.3456,0.0,0.0,-0.047,0.0,-0.047,0.0,0.0,1.0
46,logistic_regression,0.05,230,0.4673,0.4393,0.0,0.4423,0.003,0.003,0.3342,0.0,0.3561,0.0219,0.0219,-0.0653,0.0,0.0286,0.0939,0.0939,0.9020408163265307
46,random_forest,0.05,230,0.4673,0.4393,0.0,0.4434,0.0041,0.0041,0.3342,0.0,0.3536,0.0194,0.0194,-0.0653,0.0,0.0122,0.0776,0.0776,0.9224489795918367
46,gradient_boosting,0.05,230,0.4673,0.4393,0.0,0.444,0.0047,0.0047,0.3342,0.0,0.3566,0.0224,0.0224,-0.0653,0.0,0.0245,0.0898,0.0898,0.9102040816326531
46,mlp,,230,0.4673,0.4393,0.0,nan,,nan,0.3342,0.0,nan,,nan,-0.0653,0.0,nan,,nan,nan
46,svm_rbf,0.05,230,0.4673,0.4393,0.0,0.4396,0.0003,0.0003,0.3342,0.0,0.3357,0.0015,0.0015,-0.0653,0.0,-0.0592,0.0061,0.0061,0.9938775510204082
46,uncalibrated_forest,0.05,230,0.4673,0.4393,0.0,0.443,0.0037,0.0037,0.3342,0.0,0.3515,0.0173,0.0173,-0.0653,0.0,0.0041,0.0694,0.0694,0.9306122448979591
46,mlp_calibrated,0.1,230,0.4673,0.4393,0.0,0.4393,0.0,0.0,0.3342,0.0,0.3342,0.0,0.0,-0.0653,0.0,-0.0653,0.0,0.0,1.0
47,logistic_regression,0.1,246,0.4363,0.4067,0.0,0.3959,-0.0108,-0.0108,0.2954,0.0,0.3304,0.035,0.035,-0.1273,0.0,0.0814,0.2088,0.2088,0.7453027139874739
47,random_forest,0.1,246,0.4363,0.4067,0.0,0.3936,-0.0131,-0.0131,0.2954,0.0,0.3351,0.0397,0.0397,-0.1273,0.0,0.1127,0.2401,0.2401,0.7056367432150313
47,gradient_boosting,0.05,246,0.4363,0.4067,0.0,0.4045,-0.0022,-0.0022,0.2954,0.0,0.3163,0.0209,0.0209,-0.1273,0.0,-0.0188,0.1086,0.1086,0.8747390396659708
47,mlp,,246,0.4363,0.4067,0.0,nan,,nan,0.2954,0.0,nan,,nan,-0.1273,0.0,nan,,nan,nan
47,svm_rbf,0.05,246,0.4363,0.4067,0.0,0.4056,-0.0011,-0.0011,0.2954,0.0,0.298,0.0026,0.0026,-0.1273,0.0,-0.1106,0.0167,0.0167,0.9791231732776617
47,uncalibrated_forest,0.15,246,0.4363,0.4067,0.0,0.3837,-0.023,-0.023,0.2954,0.0,0.3351,0.0397,0.0397,-0.1273,0.0,0.1503,0.2777,0.2777,0.6430062630480167
47,mlp_calibrated,0.1,246,0.4363,0.4067,0.0,0.4067,0.0,0.0,0.2954,0.0,0.2954,0.0,0.0,-0.1273,0.0,-0.1273,0.0,0.0,1.0
48,logistic_regression,0.05,245,0.4723,0.4445,0.0,0.4432,-0.0013,-0.0013,0.3403,0.0,0.3573,0.0169,0.0169,-0.0554,0.0,0.0308,0.0862,0.0862,0.9014373716632443
48,random_forest,0.05,245,0.4723,0.4445,0.0,0.4419,-0.0026,-0.0026,0.3403,0.0,0.3588,0.0185,0.0185,-0.0554,0.0,0.0431,0.0986,0.0986,0.8850102669404517
48,gradient_boosting,0.05,245,0.4723,0.4445,0.0,0.4388,-0.0057,-0.0057,0.3403,0.0,0.3593,0.019,0.019,-0.0554,0.0,0.0575,0.1129,0.1129,0.8624229979466119
48,mlp,,245,0.4723,0.4445,0.0,nan,,nan,0.3403,0.0,nan,,nan,-0.0554,0.0,nan,,nan,nan
48,svm_rbf,0.05,245,0.4723,0.4445,0.0,0.4445,0.0,0.0,0.3403,0.0,0.3403,0.0,0.0,-0.0554,0.0,-0.0554,0.0,0.0,1.0
48,uncalibrated_forest,0.05,245,0.4723,0.4445,0.0,0.4405,-0.004,-0.004,0.3403,0.0,0.3522,0.0118,0.0118,-0.0554,0.0,0.0164,0.0719,0.0719,0.9117043121149897
48,mlp_calibrated,0.1,245,0.4723,0.4445,0.0,0.4445,0.0,0.0,0.3403,0.0,0.3403,0.0,0.0,-0.0554,0.0,-0.0554,0.0,0.0,1.0
49,logistic_regression,0.05,228,0.4805,0.4531,0.0,0.4569,0.0038,0.0038,0.3506,0.0,0.376,0.0254,0.0254,-0.0391,0.0,0.0684,0.1074,0.1074,0.888671875
49,random_forest,0.05,228,0.4805,0.4531,0.0,0.4569,0.0038,0.0038,0.3506,0.0,0.3833,0.0327,0.0327,-0.0391,0.0,0.1035,0.1426,0.1426,0.849609375
49,gradient_boosting,0.05,228,0.4805,0.4531,0.0,0.4572,0.0041,0.0041,0.3506,0.0,0.3774,0.0269,0.0269,-0.0391,0.0,0.0742,0.1133,0.1133,0.8828125
49,mlp,,228,0.4805,0.4531,0.0,nan,,nan,0.3506,0.0,nan,,nan,-0.0391,0.0,nan,,nan,nan
49,svm_rbf,0.05,228,0.4805,0.4531,0.0,0.4534,0.0003,0.0003,0.3506,0.0,0.3521,0.0015,0.0015,-0.0391,0.0,-0.0332,0.0059,0.0059,0.994140625
49,uncalibrated_forest,0.1,228,0.4805,0.4531,0.0,0.4587,0.0056,0.0056,0.3506,0.0,0.3916,0.041,0.041,-0.0391,0.0,0.1367,0.1758,0.1758,0.81640625
49,mlp_calibrated,0.1,228,0.4805,0.4531,0.0,0.4531,0.0,0.0,0.3506,0.0,0.3506,0.0,0.0,-0.0391,0.0,-0.0391,0.0,0.0,1.0
50,logistic_regression,0.1,223,0.4821,0.4548,0.0,0.4588,0.004,0.004,0.3526,0.0,0.4014,0.0488,0.0488,-0.0359,0.0,0.1833,0.2191,0.2191,0.7649402390438247
50,random_forest,0.05,223,0.4821,0.4548,0.0,0.4589,0.0041,0.0041,0.3526,0.0,0.372,0.0194,0.0194,-0.0359,0.0,0.0418,0.0777,0.0777,0.9223107569721115
50,gradient_boosting,0.05,223,0.4821,0.4548,0.0,0.4604,0.0056,0.0056,0.3526,0.0,0.379,0.0264,0.0264,-0.0359,0.0,0.0697,0.1056,0.1056,0.8944223107569721
50,mlp,,223,0.4821,0.4548,0.0,nan,,nan,0.3526,0.0,nan,,nan,-0.0359,0.0,nan,,nan,nan
50,svm_rbf,0.05,223,0.4821,0.4548,0.0,0.4547,-0.0001,-0.0001,0.3526,0.0,0.3596,0.007,0.007,-0.0359,0.0,-0.002,0.0339,0.0339,0.9621513944223108
50,uncalibrated_forest,0.1,223,0.4821,0.4548,0.0,0.4541,-0.0007,-0.0007,0.3526,0.0,0.3939,0.0413,0.0413,-0.0359,0.0,0.1653,0.2012,0.2012,0.7749003984063745
50,mlp_calibrated,0.1,223,0.4821,0.4548,0.0,0.4548,0.0,0.0,0.3526,0.0,0.3526,0.0,0.0,-0.0359,0.0,-0.0359,0.0,0.0,1.0
51,logistic_regression,0.05,238,0.4727,0.4449,0.0,0.4476,0.0027,0.0027,0.3409,0.0,0.3692,0.0284,0.0284,-0.0546,0.0,0.0714,0.1261,0.1261,0.865546218487395
51,random_forest,0.1,238,0.4727,0.4449,0.0,0.4421,-0.0029,-0.0029,0.3409,0.0,0.3666,0.0257,0.0257,-0.0546,0.0,0.0798,0.1345,0.1345,0.8445378151260504
51,gradient_boosting,0.05,238,0.4727,0.4449,0.0,0.4442,-0.0008,-0.0008,0.3409,0.0,0.3529,0.0121,0.0121,-0.0546,0.0,0.0063,0.0609,0.0609,0.930672268907563
51,mlp,,238,0.4727,0.4449,0.0,nan,,nan,0.3409,0.0,nan,,nan,-0.0546,0.0,nan,,nan,nan
51,svm_rbf,0.05,238,0.4727,0.4449,0.0,0.4454,0.0004,0.0004,0.3409,0.0,0.343,0.0021,0.0021,-0.0546,0.0,-0.0462,0.0084,0.0084,0.9915966386554622
51,uncalibrated_forest,0.1,238,0.4727,0.4449,0.0,0.4428,-0.0021,-0.0021,0.3409,0.0,0.3703,0.0294,0.0294,-0.0546,0.0,0.0945,0.1492,0.1492,0.8298319327731093
51,mlp_calibrated,0.1,238,0.4727,0.4449,0.0,0.4449,0.0,0.0,0.3409,0.0,0.3409,0.0,0.0,-0.0546,0.0,-0.0546,0.0,0.0,1.0
52,logistic_regression,0.05,240,0.4503,0.4214,0.0,0.4212,-0.0002,-0.0002,0.3129,0.0,0.3271,0.0142,0.0142,-0.0994,0.0,-0.0304,0.069,0.069,0.922920892494929
52,random_forest,0.1,240,0.4503,0.4214,0.0,0.4265,0.0051,0.0051,0.3129,0.0,0.3448,0.0319,0.0319,-0.0994,0.0,0.0345,0.1339,0.1339,0.8620689655172413
52,gradient_boosting,0.05,240,0.4503,0.4214,0.0,0.4221,0.0007,0.0007,0.3129,0.0,0.3164,0.0035,0.0035,-0.0994,0.0,-0.0852,0.0142,0.0142,0.9858012170385395
52,mlp,,240,0.4503,0.4214,0.0,nan,,nan,0.3129,0.0,nan,,nan,-0.0994,0.0,nan,,nan,nan
52,svm_rbf,0.05,240,0.4503,0.4214,0.0,0.422,0.0006,0.0006,0.3129,0.0,0.3159,0.003,0.003,-0.0994,0.0,-0.0872,0.0122,0.0122,0.9878296146044625
52,uncalibrated_forest,0.05,240,0.4503,0.4214,0.0,0.4222,0.0009,0.0009,0.3129,0.0,0.3169,0.0041,0.0041,-0.0994,0.0,-0.0832,0.0162,0.0162,0.9837728194726166
52,mlp_calibrated,0.1,240,0.4503,0.4214,0.0,0.4214,0.0,0.0,0.3129,0.0,0.3129,0.0,0.0,-0.0994,0.0,-0.0994,0.0,0.0,1.0
53,logistic_regression,0.1,228,0.4902,0.4634,0.0,0.4588,-0.0045,-0.0045,0.3627,0.0,0.4,0.0373,0.0373,-0.0196,0.0,0.1765,0.1961,0.1961,0.7725490196078432
53,random_forest,0.05,228,0.4902,0.4634,0.0,0.4628,-0.0005,-0.0005,0.3627,0.0,0.375,0.0123,0.0123,-0.0196,0.0,0.0412,0.0608,0.0608,0.9313725490196079
53,gradient_boosting,0.05,228,0.4902,0.4634,0.0,0.463,-0.0004,-0.0004,0.3627,0.0,0.3828,0.0201,0.0201,-0.0196,0.0,0.0784,0.098,0.098,0.8901960784313725
53,mlp,,228,0.4902,0.4634,0.0,nan,,nan,0.3627,0.0,nan,,nan,-0.0196,0.0,nan,,nan,nan
53,svm_rbf,0.05,228,0.4902,0.4634,0.0,0.461,-0.0024,-0.0024,0.3627,0.0,0.3662,0.0034,0.0034,-0.0196,0.0,0.0059,0.0255,0.0255,0.9666666666666667
53,uncalibrated_forest,0.05,228,0.4902,0.4634,0.0,0.4642,0.0008,0.0008,0.3627,0.0,0.3814,0.0186,0.0186,-0.0196,0.0,0.0667,0.0863,0.0863,0.9058823529411765
53,mlp_calibrated,0.1,228,0.4902,0.4634,0.0,0.4634,0.0,0.0,0.3627,0.0,0.3627,0.0,0.0,-0.0196,0.0,-0.0196,0.0,0.0,1.0
54,logistic_regression,0.05,224,0.4671,0.439,0.0,0.4438,0.0048,0.0048,0.3338,0.0,0.3639,0.03,0.03,-0.0659,0.0,0.0601,0.126,0.126,0.8701550387596899
54,random_forest,0.05,224,0.4671,0.439,0.0,0.4419,0.0029,0.0029,0.3338,0.0,0.3547,0.0208,0.0208,-0.0659,0.0,0.0233,0.0891,0.0891,0.9069767441860465
54,gradient_boosting,0.05,224,0.4671,0.439,0.0,0.4374,-0.0016,-0.0016,0.3338,0.0,0.3551,0.0213,0.0213,-0.0659,0.0,0.0426,0.1085,0.1085,0.875968992248062
54,mlp,,224,0.4671,0.439,0.0,nan,,nan,0.3338,0.0,nan,,nan,-0.0659,0.0,nan,,nan,nan
54,svm_rbf,0.05,224,0.4671,0.439,0.0,0.4383,-0.0007,-0.0007,0.3338,0.0,0.3377,0.0039,0.0039,-0.0659,0.0,-0.0446,0.0213,0.0213,0.9748062015503876
54,uncalibrated_forest,0.05,224,0.4671,0.439,0.0,0.4421,0.0031,0.0031,0.3338,0.0,0.3556,0.0218,0.0218,-0.0659,0.0,0.0271,0.093,0.093,0.9031007751937985
54,mlp_calibrated,0.1,224,0.4671,0.439,0.0,0.439,0.0,0.0,0.3338,0.0,0.3338,0.0,0.0,-0.0659,0.0,-0.0659,0.0,0.0,1.0
55,logistic_regression,0.05,233,0.4891,0.4622,0.0,0.4674,0.0052,0.0052,0.3614,0.0,0.3861,0.0248,0.0248,-0.0218,0.0,0.0772,0.099,0.099,0.900990099009901
55,random_forest,0.05,233,0.4891,0.4622,0.0,0.4637,0.0015,0.0015,0.3614,0.0,0.3683,0.0069,0.0069,-0.0218,0.0,0.0059,0.0277,0.0277,0.9722772277227723
55,gradient_boosting,0.05,233,0.4891,0.4622,0.0,0.4599,-0.0023,-0.0023,0.3614,0.0,0.3653,0.004,0.004,-0.0218,0.0,0.0059,0.0277,0.0277,0.9643564356435643
55,mlp,,233,0.4891,0.4622,0.0,nan,,nan,0.3614,0.0,nan,,nan,-0.0218,0.0,nan,,nan,nan
55,svm_rbf,0.05,233,0.4891,0.4622,0.0,0.4625,0.0003,0.0003,0.3614,0.0,0.3629,0.0015,0.0015,-0.0218,0.0,-0.0158,0.0059,0.0059,0.994059405940594
55,uncalibrated_forest,0.05,233,0.4891,0.4622,0.0,0.4639,0.0017,0.0017,0.3614,0.0,0.3693,0.0079,0.0079,-0.0218,0.0,0.0099,0.0317,0.0317,0.9683168316831683
55,mlp_calibrated,0.1,233,0.4891,0.4622,0.0,0.4622,0.0,0.0,0.3614,0.0,0.3614,0.0,0.0,-0.0218,0.0,-0.0218,0.0,0.0,1.0
56,logistic_regression,0.1,234,0.4809,0.4536,0.0,0.4487,-0.0049,-0.0049,0.3511,0.0,0.3808,0.0297,0.0297,-0.0382,0.0,0.1227,0.161,0.161,0.8108651911468813
56,random_forest,0.05,234,0.4809,0.4536,0.0,0.4534,-0.0002,-0.0002,0.3511,0.0,0.3576,0.0065,0.0065,-0.0382,0.0,-0.006,0.0322,0.0322,0.9637826961770624
56,gradient_boosting,0.05,234,0.4809,0.4536,0.0,0.4488,-0.0048,-0.0048,0.3511,0.0,0.3587,0.0075,0.0075,-0.0382,0.0,0.0161,0.0543,0.0543,0.9295774647887324
56,mlp,,234,0.4809,0.4536,0.0,nan,,nan,0.3511,0.0,nan,,nan,-0.0382,0.0,nan,,nan,nan
56,svm_rbf,0.05,234,0.4809,0.4536,0.0,0.4529,-0.0006,-0.0006,0.3511,0.0,0.3556,0.0045,0.0045,-0.0382,0.0,-0.0141,0.0241,0.0241,0.971830985915493
56,uncalibrated_forest,0.05,234,0.4809,0.4536,0.0,0.4496,-0.0039,-0.0039,0.3511,0.0,0.3551,0.004,0.004,-0.0382,0.0,-0.004,0.0342,0.0342,0.9537223340040242
56,mlp_calibrated,0.1,234,0.4809,0.4536,0.0,0.4536,0.0,0.0,0.3511,0.0,0.3511,0.0,0.0,-0.0382,0.0,-0.0382,0.0,0.0,1.0
57,logistic_regression,0.05,230,0.4677,0.4397,0.0,0.4365,-0.0032,-0.0032,0.3346,0.0,0.3488,0.0142,0.0142,-0.0646,0.0,0.0157,0.0802,0.0802,0.9041095890410958
57,random_forest,0.1,230,0.4677,0.4397,0.0,0.4371,-0.0026,-0.0026,0.3346,0.0,0.3518,0.0171,0.0171,-0.0646,0.0,0.0274,0.092,0.092,0.8923679060665362
57,gradient_boosting,0.05,230,0.4677,0.4397,0.0,0.438,-0.0016,-0.0016,0.3346,0.0,0.3488,0.0142,0.0142,-0.0646,0.0,0.0098,0.0744,0.0744,0.913894324853229
57,mlp,,230,0.4677,0.4397,0.0,nan,,nan,0.3346,0.0,nan,,nan,-0.0646,0.0,nan,,nan,nan
57,svm_rbf,0.05,230,0.4677,0.4397,0.0,0.4407,0.001,0.001,0.3346,0.0,0.3395,0.0049,0.0049,-0.0646,0.0,-0.045,0.0196,0.0196,0.9804305283757339
57,uncalibrated_forest,0.05,230,0.4677,0.4397,0.0,0.4382,-0.0015,-0.0015,0.3346,0.0,0.342,0.0073,0.0073,-0.0646,0.0,-0.0235,0.0411,0.0411,0.9510763209393346
57,mlp_calibrated,0.1,230,0.4677,0.4397,0.0,0.4397,0.0,0.0,0.3346,0.0,0.3346,0.0,0.0,-0.0646,0.0,-0.0646,0.0,0.0,1.0
58,logistic_regression,0.1,248,0.4638,0.4355,0.0,0.4345,-0.0011,-0.0011,0.3297,0.0,0.3634,0.0336,0.0336,-0.0725,0.0,0.0932,0.1656,0.1656,0.8136645962732919
58,random_forest,0.15,248,0.4638,0.4355,0.0,0.4371,0.0015,0.0015,0.3297,0.0,0.368,0.0383,0.0383,-0.0725,0.0,0.1056,0.1781,0.1781,0.8053830227743272
58,gradient_boosting,0.1,248,0.4638,0.4355,0.0,0.4381,0.0025,0.0025,0.3297,0.0,0.3727,0.043,0.043,-0.0725,0.0,0.1242,0.1967,0.1967,0.7867494824016563
58,mlp,,248,0.4638,0.4355,0.0,nan,,nan,0.3297,0.0,nan,,nan,-0.0725,0.0,nan,,nan,nan
58,svm_rbf,0.05,248,0.4638,0.4355,0.0,0.4355,0.0,0.0,0.3297,0.0,0.3297,0.0,0.0,-0.0725,0.0,-0.0725,0.0,0.0,1.0
58,uncalibrated_forest,0.15,248,0.4638,0.4355,0.0,0.4337,-0.0019,-0.0019,0.3297,0.0,0.3675,0.0378,0.0378,-0.0725,0.0,0.1159,0.1884,0.1884,0.7867494824016563
58,mlp_calibrated,0.1,248,0.4638,0.4355,0.0,0.4355,0.0,0.0,0.3297,0.0,0.3297,0.0,0.0,-0.0725,0.0,-0.0725,0.0,0.0,1.0
59,logistic_regression,0.1,215,0.4786,0.4512,0.0,0.4488,-0.0024,-0.0024,0.3483,0.0,0.3905,0.0423,0.0423,-0.0428,0.0,0.169,0.2118,0.2118,0.7596741344195519
59,random_forest,0.05,215,0.4786,0.4512,0.0,0.4522,0.0011,0.0011,0.3483,0.0,0.361,0.0127,0.0127,-0.0428,0.0,0.0143,0.057,0.057,0.9389002036659878
59,gradient_boosting,0.05,215,0.4786,0.4512,0.0,0.4488,-0.0024,-0.0024,0.3483,0.0,0.3676,0.0193,0.0193,-0.0428,0.0,0.0591,0.1018,0.1018,0.8818737270875764
59,mlp,,215,0.4786,0.4512,0.0,nan,,nan,0.3483,0.0,nan,,nan,-0.0428,0.0,nan,,nan,nan
59,svm_rbf,0.05,215,0.4786,0.4512,0.0,0.4515,0.0003,0.0003,0.3483,0.0,0.3498,0.0015,0.0015,-0.0428,0.0,-0.0367,0.0061,0.0061,0.9938900203665988
59,uncalibrated_forest,0.05,215,0.4786,0.4512,0.0,0.4556,0.0044,0.0044,0.3483,0.0,0.3691,0.0209,0.0209,-0.0428,0.0,0.0407,0.0835,0.0835,0.9164969450101833
59,mlp_calibrated,0.1,215,0.4786,0.4512,0.0,0.4512,0.0,0.0,0.3483,0.0,0.3483,0.0,0.0,-0.0428,0.0,-0.0428,0.0,0.0,1.0
60,logistic_regression,0.1,245,0.4928,0.4661,0.0,0.4601,-0.006,-0.006,0.3659,0.0,0.3996,0.0336,0.0336,-0.0145,0.0,0.1698,0.1843,0.1843,0.782608695652174
60,random_forest,0.1,245,0.4928,0.4661,0.0,0.4633,-0.0027,-0.0027,0.3659,0.0,0.3841,0.0181,0.0181,-0.0145,0.0,0.0828,0.0973,0.0973,0.8861283643892339
60,gradient_boosting,0.1,245,0.4928,0.4661,0.0,0.4582,-0.0078,-0.0078,0.3659,0.0,0.3908,0.0248,0.0248,-0.0145,0.0,0.1346,0.1491,0.1491,0.8178053830227743
60,mlp,,245,0.4928,0.4661,0.0,nan,,nan,0.3659,0.0,nan,,nan,-0.0145,0.0,nan,,nan,nan
60,svm_rbf,0.05,245,0.4928,0.4661,0.0,0.4661,0.0,0.0,0.3659,0.0,0.3659,0.0,0.0,-0.0145,0.0,-0.0145,0.0,0.0,1.0
60,uncalibrated_forest,0.1,245,0.4928,0.4661,0.0,0.4647,-0.0013,-0.0013,0.3659,0.0,0.3908,0.0248,0.0248,-0.0145,0.0,0.1097,0.1242,0.1242,0.8592132505175983
60,mlp_calibrated,0.1,245,0.4928,0.4661,0.0,0.4661,0.0,0.0,0.3659,0.0,0.3659,0.0,0.0,-0.0145,0.0,-0.0145,0.0,0.0,1.0
61,logistic_regression,0.1,230,0.4741,0.4464,0.0,0.4471,0.0007,0.0007,0.3427,0.0,0.3846,0.0419,0.0419,-0.0518,0.0,0.147,0.1988,0.1988,0.7805383022774327
61,random_forest,0.05,230,0.4741,0.4464,0.0,0.4504,0.0039,0.0039,0.3427,0.0,0.369,0.0264,0.0264,-0.0518,0.0,0.06,0.1118,0.1118,0.8840579710144928
61,gradient_boosting,0.05,230,0.4741,0.4464,0.0,0.4473,0.0009,0.0009,0.3427,0.0,0.3701,0.0274,0.0274,-0.0518,0.0,0.0766,0.1284,0.1284,0.8592132505175983
61,mlp,,230,0.4741,0.4464,0.0,nan,,nan,0.3427,0.0,nan,,nan,-0.0518,0.0,nan,,nan,nan
61,svm_rbf,0.05,230,0.4741,0.4464,0.0,0.4483,0.0019,0.0019,0.3427,0.0,0.3514,0.0088,0.0088,-0.0518,0.0,-0.0166,0.0352,0.0352,0.9648033126293996
61,uncalibrated_forest,0.05,230,0.4741,0.4464,0.0,0.4495,0.0031,0.0031,0.3427,0.0,0.3649,0.0223,0.0223,-0.0518,0.0,0.0435,0.0952,0.0952,0.9006211180124224
61,mlp_calibrated,0.1,230,0.4741,0.4464,0.0,0.4464,0.0,0.0,0.3427,0.0,0.3427,0.0,0.0,-0.0518,0.0,-0.0518,0.0,0.0,1.0
