model,tier,n_seeds,harm_weight,error_rate_mean,error_rate_sd,harm_contrib_mean,harm_contrib_sd
logistic_regression,low,20,1.0,0.0711,0.0117,0.0239,0.0041
logistic_regression,medium,20,3.0,0.1274,0.0151,0.1279,0.0155
logistic_regression,high,20,10.0,0.1853,0.0135,0.611,0.0471
random_forest,low,20,1.0,0.0713,0.0096,0.0239,0.0034
random_forest,medium,20,3.0,0.1235,0.0159,0.124,0.0166
random_forest,high,20,10.0,0.1871,0.0172,0.6167,0.0557
gradient_boosting,low,20,1.0,0.074,0.0102,0.0248,0.0036
gradient_boosting,medium,20,3.0,0.1295,0.0177,0.13,0.0179
gradient_boosting,high,20,10.0,0.1914,0.0164,0.631,0.0536
mlp,low,20,1.0,0.1005,0.0134,0.0337,0.0047
mlp,medium,20,3.0,0.1669,0.0182,0.1674,0.0171
mlp,high,20,10.0,0.238,0.0131,0.7847,0.0441
svm_rbf,low,20,1.0,0.0708,0.0094,0.0238,0.0033
svm_rbf,medium,20,3.0,0.1267,0.0172,0.1273,0.0182
svm_rbf,high,20,10.0,0.185,0.016,0.61,0.0514
uncalibrated_forest,low,20,1.0,0.071,0.0094,0.0238,0.0033
uncalibrated_forest,medium,20,3.0,0.1249,0.0162,0.1254,0.0163
uncalibrated_forest,high,20,10.0,0.1869,0.0175,0.616,0.0555
mlp_calibrated,low,20,1.0,0.0855,0.0117,0.0287,0.0042
mlp_calibrated,medium,20,3.0,0.1502,0.0153,0.1506,0.0146
mlp_calibrated,high,20,10.0,0.2234,0.0177,0.7363,0.056
