seed,model,accuracy,ece_overall,ece_high,aurc_overall,aurc_high,harm_loss,fnr_high_at_0.5,err_low,harm_low,err_medium,harm_medium,err_high,harm_high,harm_concentration
42,logistic_regression,0.8733333333333333,0.018678984735257812,0.038967957108202805,0.11600958686243733,0.1419506574959551,0.7446666666666667,0.18333333333333332,0.07916666666666666,0.025333333333333333,0.12450592885375494,0.126,0.17315175097276264,0.5933333333333334,0.7967770814682185
42,random_forest,0.8753333333333333,0.019519123635746653,0.031758016264602354,0.10667697174363439,0.13366265635303623,0.728,0.15833333333333333,0.08125,0.026,0.12055335968379446,0.122,0.16926070038910507,0.58,0.7967032967032966
42,gradient_boosting,0.8673333333333333,0.03288882672048276,0.03966494082797086,0.11303673378737836,0.14793673359178602,0.7993333333333333,0.18333333333333332,0.0875,0.028,0.116600790513834,0.118,0.19066147859922178,0.6533333333333333,0.817347789824854
42,mlp,0.83,0.144521901274014,0.19439789517333678,0.15274341558506435,0.19513136787116844,0.988,0.25416666666666665,0.12083333333333333,0.03866666666666667,0.1541501976284585,0.156,0.23151750972762647,0.7933333333333333,0.8029689608636977
42,svm_rbf,0.876,0.028688696591050555,0.03423764151228201,0.10192501470614553,0.13882733521475232,0.7366666666666667,0.1875,0.07916666666666666,0.025333333333333333,0.116600790513834,0.118,0.17315175097276264,0.5933333333333334,0.8054298642533937
42,uncalibrated_forest,0.878,0.0208389012815122,0.03211682729597977,0.10828784262296985,0.13125008600049193,0.7213333333333334,0.1625,0.07916666666666666,0.025333333333333333,0.11462450592885376,0.116,0.16926070038910507,0.58,0.8040665434380776
43,logistic_regression,0.866,0.02707451862981027,0.05045651035702803,0.13033498927933948,0.18200907597780047,0.8006666666666666,0.24107142857142858,0.07034220532319392,0.024666666666666667,0.13821138211382114,0.136,0.1991701244813278,0.64,0.7993338884263115
43,random_forest,0.868,0.01954614712040275,0.04183391565074525,0.11961520531187955,0.17059058378189965,0.7946666666666666,0.22321428571428573,0.07034220532319392,0.024666666666666667,0.13211382113821138,0.13,0.1991701244813278,0.64,0.8053691275167786
43,gradient_boosting,0.862,0.02250035032619171,0.029220479676501147,0.1144185475761238,0.17011143547624394,0.818,0.24107142857142858,0.07604562737642585,0.02666666666666667,0.1402439024390244,0.138,0.2033195020746888,0.6533333333333333,0.7986960065199673
43,mlp,0.8386666666666667,0.13320153421120798,0.20662192356241182,0.14174105311325988,0.19781507687226751,0.962,0.25892857142857145,0.08365019011406843,0.029333333333333333,0.16869918699186992,0.166,0.23858921161825727,0.7666666666666667,0.796950796950797
43,svm_rbf,0.874,0.022860609777405633,0.03586856493417335,0.1103881497504929,0.16439319749401604,0.724,0.19196428571428573,0.07224334600760456,0.025333333333333333,0.13414634146341464,0.132,0.17634854771784234,0.5666666666666667,0.7826887661141805
43,uncalibrated_forest,0.8626666666666667,0.020205337750095757,0.05358706848884541,0.12578096986158346,0.17607921840818705,0.828,0.24107142857142858,0.07224334600760456,0.025333333333333333,0.13821138211382114,0.136,0.2074688796680498,0.6666666666666666,0.8051529790660226
44,logistic_regression,0.8926666666666667,0.015912180868025497,0.041595137708044384,0.1021663216694689,0.13325447524497594,0.6326666666666667,0.19469026548672566,0.06346153846153846,0.022,0.10633946830265849,0.104,0.15478615071283094,0.5066666666666667,0.8008429926238145
44,random_forest,0.8906666666666667,0.015864177862425357,0.030850904418632176,0.10014501689759496,0.12958959080384191,0.6393333333333333,0.2168141592920354,0.06923076923076923,0.024,0.10429447852760736,0.102,0.15682281059063136,0.5133333333333333,0.8029197080291971
44,gradient_boosting,0.888,0.015512473022943105,0.02829906533401912,0.09892771841278286,0.1263235963280526,0.6326666666666667,0.19911504424778761,0.07692307692307693,0.02666666666666667,0.1083844580777096,0.106,0.15274949083503056,0.5,0.7903055848261327
44,mlp,0.852,0.125679045733405,0.1973706691943683,0.13013710087848473,0.1814297531085315,0.8866666666666667,0.24778761061946902,0.10192307692307692,0.035333333333333335,0.12065439672801637,0.118,0.2240325865580448,0.7333333333333333,0.8270676691729323
44,svm_rbf,0.894,0.02450937675389011,0.039415454878095495,0.09045570255017837,0.13815294130201997,0.626,0.2079646017699115,0.0673076923076923,0.023333333333333334,0.09815950920245399,0.096,0.15478615071283094,0.5066666666666667,0.8093716719914804
44,uncalibrated_forest,0.8913333333333333,0.02005488555382922,0.0390366018166633,0.09948094573189668,0.12270416597634055,0.6193333333333333,0.21238938053097345,0.075,0.026,0.10224948875255624,0.1,0.15071283095723015,0.49333333333333335,0.7965554359526373
45,logistic_regression,0.8686666666666667,0.025196613203893294,0.04594038629842199,0.12314094946523271,0.15853100699014694,0.7626666666666667,0.19742489270386265,0.06756756756756757,0.023333333333333334,0.14807302231237324,0.146,0.18200408997955012,0.5933333333333334,0.777972027972028
45,random_forest,0.8693333333333333,0.019147270752338588,0.048428609540369524,0.11551522862165667,0.1714014950310383,0.796,0.24034334763948498,0.0637065637065637,0.022,0.1359026369168357,0.134,0.19631901840490798,0.64,0.8040201005025125
45,gradient_boosting,0.8626666666666667,0.02884587516136147,0.042429040096461715,0.11973446476913956,0.16078910613104605,0.7966666666666666,0.21030042918454936,0.07142857142857142,0.024666666666666667,0.15415821501014199,0.152,0.1901840490797546,0.62,0.7782426778242678
45,mlp,0.8313333333333334,0.1355870821492651,0.19832624034262034,0.1521646826678951,0.20747092648925608,0.996,0.21030042918454936,0.08108108108108109,0.028,0.19066937119675456,0.188,0.2392638036809816,0.78,0.783132530120482
45,svm_rbf,0.862,0.038594429828023864,0.0539002291366094,0.11609861637007672,0.17376774441207193,0.8233333333333334,0.2532188841201717,0.0694980694980695,0.024,0.14807302231237324,0.146,0.20040899795501022,0.6533333333333333,0.7935222672064778
45,uncalibrated_forest,0.8633333333333333,0.02868947131775503,0.060217414651216286,0.12371008199448413,0.17038076217678882,0.8193333333333334,0.2575107296137339,0.0694980694980695,0.024,0.1440162271805274,0.142,0.20040899795501022,0.6533333333333333,0.7973962571196095
46,logistic_regression,0.8806666666666667,0.016188664131599945,0.046326660878575586,0.1129559959129511,0.15539549381130324,0.7013333333333334,0.22270742358078602,0.08064516129032258,0.02666666666666667,0.10505836575875487,0.108,0.17346938775510204,0.5666666666666667,0.8079847908745247
46,random_forest,0.8786666666666667,0.014058707583933138,0.035727641947857165,0.10595021928036508,0.16761057179011987,0.76,0.25327510917030566,0.07862903225806452,0.026,0.0914396887159533,0.094,0.19591836734693877,0.64,0.8421052631578947
46,gradient_boosting,0.8753333333333333,0.019976443242427023,0.03865418062007398,0.11014568193341207,0.16881548577198985,0.7606666666666667,0.23580786026200873,0.07862903225806452,0.026,0.10505836575875487,0.108,0.19183673469387755,0.6266666666666667,0.8238387379491674
46,mlp,0.8386666666666667,0.12176107679446693,0.19773383683986684,0.14811338083567333,0.2715991080840949,0.9886666666666667,0.2445414847161572,0.0907258064516129,0.03,0.14785992217898833,0.152,0.24693877551020407,0.8066666666666666,0.815913688469319
46,svm_rbf,0.8773333333333333,0.023080382054032282,0.040594287693256466,0.10203408819672705,0.1669236210198459,0.756,0.2576419213973799,0.07661290322580645,0.025333333333333333,0.10116731517509728,0.104,0.19183673469387755,0.6266666666666667,0.8289241622574957
46,uncalibrated_forest,0.88,0.020732066027546625,0.03291093158928684,0.10673977514641028,0.15674000332722923,0.7233333333333334,0.2445414847161572,0.07862903225806452,0.026,0.10116731517509728,0.104,0.1816326530612245,0.5933333333333334,0.8202764976958525
47,logistic_regression,0.88,0.016677137366601542,0.037882683657517575,0.11004594755453763,0.14071535286331283,0.6746666666666666,0.22966507177033493,0.07142857142857142,0.024666666666666667,0.12922465208747516,0.13,0.162839248434238,0.52,0.7707509881422924
47,random_forest,0.8713333333333333,0.019756445775597285,0.04184094125880263,0.11250243922964848,0.14870939696332172,0.7386666666666667,0.22009569377990432,0.07722007722007722,0.02666666666666667,0.1312127236580517,0.132,0.18162839248434237,0.58,0.7851985559566788
47,gradient_boosting,0.8693333333333333,0.024398160630281805,0.04607654511161153,0.1076677468191951,0.16615533015072137,0.7753333333333333,0.2535885167464115,0.07335907335907337,0.025333333333333333,0.12922465208747516,0.13,0.1941544885177453,0.62,0.7996560619088564
47,mlp,0.832,0.13616096055478072,0.1953026937793402,0.1443462630010591,0.201958470749158,0.9373333333333334,0.2727272727272727,0.11583011583011583,0.04,0.16302186878727634,0.164,0.22964509394572025,0.7333333333333333,0.7823613086770981
47,svm_rbf,0.8713333333333333,0.019229332554952495,0.057304295179000236,0.10743961858097101,0.1450463124770917,0.7366666666666667,0.23923444976076555,0.07335907335907337,0.025333333333333333,0.13717693836978131,0.138,0.17954070981210857,0.5733333333333334,0.7782805429864253
47,uncalibrated_forest,0.8726666666666667,0.015565793607257154,0.04100525972511237,0.11278543758742796,0.15046845737836517,0.7253333333333334,0.22009569377990432,0.07722007722007722,0.02666666666666667,0.1312127236580517,0.132,0.17745302713987474,0.5666666666666667,0.7812499999999999
48,logistic_regression,0.868,0.015397296955127007,0.03373157008500472,0.12697258540901957,0.14701239441559066,0.746,0.24347826086956523,0.08860759493670886,0.028,0.1280148423005566,0.138,0.17864476386036962,0.58,0.7774798927613941
48,random_forest,0.8766666666666667,0.007728159782421748,0.0381101467662029,0.11192401991985428,0.12439075838025118,0.694,0.19130434782608696,0.07805907172995781,0.024666666666666667,0.1261595547309833,0.136,0.16427104722792607,0.5333333333333333,0.7684918347742555
48,gradient_boosting,0.8746666666666667,0.02450057325047215,0.048124972244461814,0.11058151801435635,0.12277735432503738,0.6946666666666667,0.1956521739130435,0.08649789029535865,0.027333333333333334,0.12430426716141002,0.134,0.16427104722792607,0.5333333333333333,0.7677543186180422
48,mlp,0.8466666666666667,0.13455134146673045,0.19563880253649732,0.13282846406482926,0.1763654126677014,0.8993333333333333,0.23478260869565218,0.0949367088607595,0.03,0.14471243042671614,0.156,0.21971252566735114,0.7133333333333334,0.7931801334321721
48,svm_rbf,0.8666666666666667,0.0270251092600768,0.03890780524860911,0.11829549919835766,0.1546477300447863,0.7406666666666667,0.22608695652173913,0.08860759493670886,0.028,0.13543599257884972,0.146,0.17453798767967146,0.5666666666666667,0.7650765076507652
48,uncalibrated_forest,0.8766666666666667,0.015675845021221376,0.05249345191143148,0.11168103792006812,0.1261065982773921,0.7,0.20869565217391303,0.0759493670886076,0.024,0.1261595547309833,0.136,0.16632443531827515,0.54,0.7714285714285714
49,logistic_regression,0.87,0.013681322147843962,0.04657820055521378,0.12029337585412486,0.16298604642855552,0.794,0.25203252032520324,0.06521739130434782,0.022,0.13692946058091288,0.132,0.1875,0.64,0.8060453400503778
49,random_forest,0.868,0.022339279982216187,0.05474621511170732,0.11622851293417365,0.17628066838100284,0.842,0.27235772357723576,0.06521739130434782,0.022,0.12448132780082988,0.12,0.205078125,0.7,0.831353919239905
49,gradient_boosting,0.8673333333333333,0.021367744216002627,0.04784190407774148,0.1156733831232021,0.17334761135958665,0.832,0.2682926829268293,0.0691699604743083,0.023333333333333334,0.12655601659751037,0.122,0.201171875,0.6866666666666666,0.8253205128205129
49,mlp,0.8293333333333334,0.1304309537497131,0.1901073787022119,0.14681595248356094,0.18830605677861748,1.016,0.2886178861788618,0.09683794466403162,0.03266666666666666,0.17634854771784234,0.17,0.23828125,0.8133333333333334,0.8005249343832022
49,svm_rbf,0.876,0.022455092368963408,0.04731087155224615,0.10600219659427752,0.1803227690547376,0.7866666666666666,0.26422764227642276,0.06324110671936758,0.021333333333333333,0.11618257261410789,0.112,0.19140625,0.6533333333333333,0.8305084745762712
49,uncalibrated_forest,0.8686666666666667,0.02594511578461274,0.05034990603194621,0.11902338384487986,0.16273912532701565,0.8166666666666667,0.25609756097560976,0.06521739130434782,0.022,0.13278008298755187,0.128,0.1953125,0.6666666666666666,0.8163265306122449
50,logistic_regression,0.8846666666666667,0.022899186860230195,0.048698944720383074,0.10749978157614301,0.15019415995504784,0.746,0.19421487603305784,0.05534351145038168,0.019333333333333334,0.10548523206751055,0.1,0.18725099601593626,0.6266666666666667,0.8400357462019661
50,random_forest,0.8833333333333333,0.026130144647825093,0.051233577338314275,0.09987346492152215,0.14955257512381626,0.7793333333333333,0.19834710743801653,0.05343511450381679,0.018666666666666668,0.09915611814345991,0.094,0.199203187250996,0.6666666666666666,0.8554319931565441
50,gradient_boosting,0.8826666666666667,0.01895418553855255,0.06667594399366583,0.10322793284843246,0.14521495711561988,0.7586666666666667,0.18181818181818182,0.05916030534351145,0.020666666666666667,0.10337552742616034,0.098,0.19123505976095617,0.64,0.843585237258348
50,mlp,0.836,0.13438288415875882,0.188970488190983,0.15028429189041978,0.20633958790761842,0.9493333333333334,0.1859504132231405,0.09351145038167939,0.03266666666666666,0.17932489451476794,0.17,0.22310756972111553,0.7466666666666667,0.7865168539325843
50,svm_rbf,0.8846666666666667,0.026938352685863573,0.04546835843706774,0.09484201356565056,0.14739813905351112,0.74,0.2024793388429752,0.05725190839694656,0.02,0.10548523206751055,0.1,0.1852589641434263,0.62,0.8378378378378378
50,uncalibrated_forest,0.8866666666666667,0.02205756496851027,0.041245769494098077,0.10310208168513675,0.15099876903226334,0.7626666666666667,0.19008264462809918,0.04961832061068702,0.017333333333333333,0.0970464135021097,0.092,0.1952191235059761,0.6533333333333333,0.8566433566433567
51,logistic_regression,0.8713333333333333,0.027942084422487568,0.05731111195217815,0.12339736607810337,0.17269784630246243,0.7766666666666666,0.26222222222222225,0.06844106463878327,0.024,0.12650602409638553,0.126,0.19747899159663865,0.6266666666666667,0.8068669527896996
51,random_forest,0.866,0.02702471388913286,0.045995103278802324,0.12387401070637628,0.17086243177585464,0.808,0.28,0.07984790874524715,0.028,0.12048192771084337,0.12,0.20798319327731093,0.66,0.8168316831683168
51,gradient_boosting,0.864,0.0369159889915978,0.059760639523871624,0.12265872861800683,0.16946769976013695,0.82,0.27111111111111114,0.0779467680608365,0.027333333333333334,0.12650602409638553,0.126,0.21008403361344538,0.6666666666666666,0.8130081300813008
51,mlp,0.8293333333333334,0.1487245751005789,0.21919865336740457,0.15189862039750024,0.19865951715074515,0.9866666666666667,0.27555555555555555,0.10836501901140684,0.038,0.16265060240963855,0.162,0.24789915966386555,0.7866666666666666,0.7972972972972974
51,svm_rbf,0.8613333333333333,0.035441746946731925,0.07044093607090274,0.11797729404709088,0.18100099549474402,0.8346666666666667,0.28888888888888886,0.0817490494296578,0.028666666666666667,0.12650602409638553,0.126,0.21428571428571427,0.68,0.8146964856230032
51,uncalibrated_forest,0.8666666666666667,0.02431288307608019,0.04343682596400248,0.12336031982778049,0.1779074981170477,0.818,0.28444444444444444,0.07604562737642585,0.02666666666666667,0.11847389558232932,0.118,0.21218487394957983,0.6733333333333333,0.8231458842705786
52,logistic_regression,0.8806666666666667,0.018083378797894355,0.045383659445584104,0.10931490015891883,0.16138617609399955,0.7553333333333333,0.22072072072072071,0.06212424849699399,0.020666666666666667,0.1062992125984252,0.108,0.19066937119675456,0.6266666666666667,0.8296557811120917
52,random_forest,0.8786666666666667,0.029348834303614027,0.07048718152590876,0.10388586860055411,0.16128602734213898,0.7753333333333333,0.22072072072072071,0.06212424849699399,0.020666666666666667,0.1062992125984252,0.108,0.19675456389452334,0.6466666666666666,0.8340498710232159
52,gradient_boosting,0.878,0.03150768542764484,0.04831341020811933,0.09791036230550552,0.1546882396506198,0.7786666666666666,0.22072072072072071,0.06012024048096192,0.02,0.11023622047244094,0.112,0.19675456389452334,0.6466666666666666,0.8304794520547945
52,mlp,0.8313333333333334,0.1424243234807767,0.22388881866146942,0.14863241048210327,0.21211946873370285,1.03,0.26126126126126126,0.09619238476953908,0.032,0.15551181102362205,0.158,0.25557809330628806,0.84,0.8155339805825242
52,svm_rbf,0.8853333333333333,0.034496870223675986,0.03963199249206898,0.09209211866654497,0.14584699369610238,0.7253333333333334,0.22972972972972974,0.05811623246492986,0.019333333333333334,0.10433070866141732,0.106,0.18255578093306288,0.6,0.8272058823529412
52,uncalibrated_forest,0.8833333333333333,0.024057725322279712,0.0525708047091834,0.10369764556343669,0.15013057502408717,0.7466666666666667,0.21621621621621623,0.056112224448897796,0.018666666666666668,0.1062992125984252,0.108,0.18864097363083165,0.62,0.8303571428571428
53,logistic_regression,0.8713333333333333,0.024807085315074064,0.026139993713008347,0.1249013889241825,0.14584719722620865,0.7653333333333333,0.228,0.0709812108559499,0.02266666666666667,0.13307240704500978,0.136,0.1784313725490196,0.6066666666666667,0.7926829268292682
53,random_forest,0.8793333333333333,0.023989708039139187,0.03418909389945331,0.10796815483530435,0.12957869797413032,0.7073333333333334,0.22,0.07306889352818371,0.023333333333333334,0.12133072407045009,0.124,0.16470588235294117,0.56,0.7917059377945335
53,gradient_boosting,0.872,0.028174216097614887,0.04355607116950022,0.11092400383482122,0.14480422489629058,0.7633333333333333,0.212,0.0709812108559499,0.02266666666666667,0.13111545988258316,0.134,0.1784313725490196,0.6066666666666667,0.7947598253275109
53,mlp,0.834,0.1442437751687556,0.19215644426339093,0.15065789413218167,0.1798082011801101,0.9686666666666667,0.22,0.081419624217119,0.026,0.1917808219178082,0.196,0.2196078431372549,0.7466666666666667,0.7708189951823813
53,svm_rbf,0.874,0.01375328485291303,0.0384169708558075,0.11170033502162427,0.13984195811466213,0.7513333333333333,0.216,0.07306889352818371,0.023333333333333334,0.12524461839530332,0.128,0.17647058823529413,0.6,0.7985803016858918
53,uncalibrated_forest,0.8766666666666667,0.015628224138484755,0.03602516670189403,0.11335219051595591,0.13807554382051415,0.734,0.212,0.07306889352818371,0.023333333333333334,0.12133072407045009,0.124,0.17254901960784313,0.5866666666666667,0.7992733878292462
54,logistic_regression,0.8726666666666667,0.021228468852311236,0.044027770508894684,0.12039465867202052,0.16815270265643503,0.816,0.22406639004149378,0.05919661733615222,0.018666666666666668,0.12133072407045009,0.124,0.19573643410852712,0.6733333333333333,0.8251633986928104
54,random_forest,0.8786666666666667,0.020924969692761895,0.047819681807838355,0.11179491931529156,0.1602361300995142,0.7653333333333333,0.2157676348547718,0.05919661733615222,0.018666666666666668,0.11741682974559686,0.12,0.1821705426356589,0.6266666666666667,0.8188153310104529
54,gradient_boosting,0.8706666666666667,0.015414863953029385,0.03850298698083873,0.11681181449960958,0.16817928916200367,0.806,0.23651452282157676,0.06976744186046512,0.022,0.12133072407045009,0.124,0.19186046511627908,0.66,0.8188585607940446
54,mlp,0.8233333333333334,0.1473268138646383,0.2186405512628003,0.15913782910091123,0.21224345931269623,1.0546666666666666,0.26141078838174275,0.10782241014799154,0.034,0.17025440313111545,0.174,0.24612403100775193,0.8466666666666667,0.8027812895069533
54,svm_rbf,0.8773333333333333,0.02087005847409429,0.036818497538916715,0.10354198336232844,0.15734265275377485,0.768,0.22406639004149378,0.0613107822410148,0.019333333333333334,0.11937377690802348,0.122,0.1821705426356589,0.6266666666666667,0.8159722222222222
54,uncalibrated_forest,0.8733333333333333,0.024927832932351686,0.04306601594211858,0.11897249962323717,0.1671938185871463,0.784,0.2074688796680498,0.06976744186046512,0.022,0.11937377690802348,0.122,0.18604651162790697,0.64,0.8163265306122449
55,logistic_regression,0.864,0.022293004905852423,0.04124215134611403,0.1270932088278236,0.15175470219461878,0.7966666666666666,0.22672064777327935,0.08086785009861933,0.027333333333333334,0.13934426229508196,0.136,0.18811881188118812,0.6333333333333333,0.7949790794979079
55,random_forest,0.8673333333333333,0.02029119999471804,0.041527878964773564,0.11322342250458033,0.1524374209547768,0.7986666666666666,0.20647773279352227,0.07692307692307693,0.026,0.1290983606557377,0.126,0.19207920792079208,0.6466666666666666,0.8096828046744574
55,gradient_boosting,0.8606666666666667,0.02604803007149438,0.05018750970038687,0.12085883773958936,0.1453139284988627,0.8206666666666667,0.2145748987854251,0.08086785009861933,0.027333333333333334,0.14344262295081966,0.14,0.19405940594059407,0.6533333333333333,0.7961007311129163
55,mlp,0.818,0.15712482503697459,0.21351370616178564,0.160218173576257,0.1822969135099213,1.0126666666666666,0.291497975708502,0.1242603550295858,0.042,0.1885245901639344,0.184,0.23366336633663368,0.7866666666666666,0.7768268597761685
55,svm_rbf,0.868,0.021947172205928005,0.049360406256811,0.11275304356349394,0.13961645680022516,0.758,0.2145748987854251,0.07889546351084813,0.02666666666666667,0.1413934426229508,0.138,0.17623762376237623,0.5933333333333334,0.7827616534740546
55,uncalibrated_forest,0.8666666666666667,0.017375518345623918,0.027990314822099727,0.11923496216321934,0.143297401315905,0.79,0.21862348178137653,0.07889546351084813,0.02666666666666667,0.13319672131147542,0.13,0.18811881188118812,0.6333333333333333,0.8016877637130801
56,logistic_regression,0.8713333333333333,0.017404102028804113,0.03695505861436435,0.1222492892894121,0.1812265519376775,0.8366666666666667,0.2301255230125523,0.064453125,0.022,0.109979633401222,0.108,0.21327967806841047,0.7066666666666667,0.8446215139442231
56,random_forest,0.8706666666666667,0.01973693783584863,0.04487964233017965,0.11484453902898849,0.16459930110132354,0.832,0.19246861924686193,0.060546875,0.020666666666666667,0.12016293279022404,0.118,0.20925553319919518,0.6933333333333334,0.8333333333333333
56,gradient_boosting,0.8666666666666667,0.027212526156465244,0.06375707130521766,0.11551882249651525,0.169008012394343,0.864,0.2301255230125523,0.05859375,0.02,0.12627291242362526,0.124,0.21730382293762576,0.72,0.8333333333333333
56,mlp,0.83,0.14445155584778527,0.23664995106276931,0.1489022703878162,0.21976348436655155,1.072,0.2510460251046025,0.0859375,0.029333333333333333,0.15885947046843177,0.156,0.2676056338028169,0.8866666666666667,0.8271144278606966
56,svm_rbf,0.8673333333333333,0.019888705583534894,0.07722800726054212,0.11748421643148874,0.2065850476188864,0.8653333333333333,0.23430962343096234,0.060546875,0.020666666666666667,0.12016293279022404,0.118,0.2193158953722334,0.7266666666666667,0.839753466872111
56,uncalibrated_forest,0.866,0.02724733921255064,0.050209018590522916,0.12276976402288461,0.1759542065698358,0.8646666666666667,0.2175732217573222,0.060546875,0.020666666666666667,0.12627291242362526,0.124,0.21730382293762576,0.72,0.8326908249807247
57,logistic_regression,0.8753333333333333,0.020259441472608886,0.03726343516225515,0.11613596345080329,0.16103013833943813,0.7846666666666666,0.21338912133891214,0.05714285714285714,0.018666666666666668,0.12625250501002003,0.126,0.18786692759295498,0.64,0.8156329651656755
57,random_forest,0.8753333333333333,0.017043025019408613,0.02575657111238632,0.10500103323853029,0.1453368977139403,0.7586666666666667,0.21338912133891214,0.061224489795918366,0.02,0.13226452905811623,0.132,0.1780821917808219,0.6066666666666667,0.7996485061511424
57,gradient_boosting,0.8726666666666667,0.0205217101204631,0.03165381576647367,0.10939350054169654,0.15282428737865866,0.7673333333333333,0.2217573221757322,0.0673469387755102,0.022,0.13226452905811623,0.132,0.18003913894324852,0.6133333333333333,0.7993049522154648
57,mlp,0.8313333333333334,0.13612397691669154,0.19142935747492035,0.1486076848736823,0.19757841850951205,0.9986666666666667,0.2217573221757322,0.09591836734693877,0.03133333333333333,0.1743486973947896,0.174,0.2328767123287671,0.7933333333333333,0.7943925233644861
57,svm_rbf,0.8753333333333333,0.018840609524455737,0.03460003311935635,0.10493530674337101,0.16654585240823758,0.7713333333333333,0.2217573221757322,0.06326530612244897,0.020666666666666667,0.12424849699398798,0.124,0.18395303326810175,0.6266666666666667,0.8124459809853067
57,uncalibrated_forest,0.8773333333333333,0.018476786271857414,0.043655258452684406,0.10900271096323955,0.14425319726950522,0.748,0.22594142259414227,0.061224489795918366,0.02,0.1282565130260521,0.128,0.1761252446183953,0.6,0.8021390374331551
58,logistic_regression,0.8746666666666667,0.012676499944462509,0.042974381474320866,0.11596864519743208,0.14435036391627887,0.7433333333333333,0.20535714285714285,0.05894308943089431,0.019333333333333334,0.13714285714285715,0.144,0.18012422360248448,0.58,0.7802690582959642
58,random_forest,0.87,0.026561738684538667,0.040767832910746926,0.11181017863566242,0.14728739546736885,0.7353333333333333,0.21428571428571427,0.07113821138211382,0.023333333333333334,0.14476190476190476,0.152,0.17391304347826086,0.56,0.7615593834995467
58,gradient_boosting,0.8733333333333333,0.015908776260319373,0.0356757126692573,0.10336067570966657,0.14701162140100799,0.7493333333333333,0.19642857142857142,0.06300813008130081,0.020666666666666667,0.13523809523809524,0.142,0.18219461697722567,0.5866666666666667,0.7829181494661922
58,mlp,0.8293333333333334,0.13853347141370576,0.2123006707880509,0.1520034081009404,0.2341382131086034,1.0133333333333334,0.24553571428571427,0.10365853658536585,0.034,0.1580952380952381,0.166,0.2525879917184265,0.8133333333333334,0.8026315789473684
58,svm_rbf,0.8726666666666667,0.02691413584813346,0.026976329707524605,0.10670690268792352,0.15116042438381821,0.7386666666666667,0.20982142857142858,0.06097560975609756,0.02,0.14476190476190476,0.152,0.17598343685300208,0.5666666666666667,0.7671480144404332
58,uncalibrated_forest,0.8726666666666667,0.031948862509380574,0.03886159234260257,0.1170192346908866,0.15103871592618703,0.7473333333333333,0.20982142857142858,0.06910569105691057,0.02266666666666667,0.13142857142857142,0.138,0.18219461697722567,0.5866666666666667,0.7850133809099018
59,logistic_regression,0.874,0.008656944363628027,0.03102254305638047,0.11877645721622997,0.15155736896880867,0.7453333333333333,0.2,0.07331975560081466,0.024,0.12355212355212356,0.128,0.18126272912423624,0.5933333333333334,0.7960644007155635
59,random_forest,0.8853333333333333,0.02260256899795795,0.033256836556494335,0.10401845763310827,0.13228933677258473,0.666,0.17446808510638298,0.07128309572301425,0.023333333333333334,0.11196911196911197,0.116,0.16089613034623218,0.5266666666666666,0.7907907907907908
59,gradient_boosting,0.8753333333333333,0.0204839428247994,0.02865953485847589,0.1076386573870562,0.14398497665321455,0.724,0.2,0.07128309572301425,0.023333333333333334,0.12934362934362933,0.134,0.17311608961303462,0.5666666666666667,0.7826887661141805
59,mlp,0.838,0.13470007025410172,0.19038984972127934,0.1446373476704697,0.18490929710999848,0.9386666666666666,0.24680851063829787,0.09979633401221996,0.03266666666666666,0.16023166023166024,0.166,0.22606924643584522,0.74,0.7883522727272727
59,svm_rbf,0.88,0.02187227927871463,0.046572695833678415,0.1021143923264147,0.14194117702480025,0.6866666666666666,0.19148936170212766,0.07128309572301425,0.023333333333333334,0.12548262548262548,0.13,0.1629327902240326,0.5333333333333333,0.7766990291262136
59,uncalibrated_forest,0.884,0.017164328777135255,0.025782217700556536,0.10415969843546924,0.1335315534433405,0.6833333333333333,0.18723404255319148,0.06517311608961303,0.021333333333333333,0.11776061776061776,0.122,0.164969450101833,0.54,0.7902439024390244
60,logistic_regression,0.8573333333333333,0.019817982264837896,0.03246066828363487,0.12972155723622456,0.1599608405966321,0.8233333333333334,0.25210084033613445,0.08333333333333333,0.028666666666666667,0.14770459081836326,0.148,0.20082815734989648,0.6466666666666666,0.7854251012145749
60,random_forest,0.856,0.030949370127477917,0.04647338407205841,0.11907226956708894,0.15512093125134463,0.838,0.25630252100840334,0.08139534883720931,0.028,0.1497005988023952,0.15,0.20496894409937888,0.66,0.7875894988066825
60,gradient_boosting,0.8453333333333334,0.041002939948318586,0.06801980781642197,0.12995154504757164,0.15670096842352707,0.878,0.2689075630252101,0.08333333333333333,0.028666666666666667,0.17564870259481039,0.176,0.20910973084886128,0.6733333333333333,0.7668944570994685
60,mlp,0.8253333333333334,0.147080877583453,0.209316581316068,0.154626450519639,0.1905578706755586,0.9806666666666667,0.2689075630252101,0.10271317829457365,0.035333333333333335,0.19161676646706588,0.192,0.23395445134575568,0.7533333333333333,0.7681849082256968
60,svm_rbf,0.8566666666666667,0.023399492486477956,0.04624369112335203,0.11322491044933945,0.15142060989849807,0.8426666666666667,0.2605042016806723,0.07170542635658915,0.024666666666666667,0.15768463073852296,0.158,0.20496894409937888,0.66,0.7832278481012659
60,uncalibrated_forest,0.8566666666666667,0.017748501216326647,0.04713893707016066,0.12566368070128597,0.15489413515840636,0.8293333333333334,0.2605042016806723,0.07751937984496124,0.02666666666666667,0.15568862275449102,0.156,0.20082815734989648,0.6466666666666666,0.7797427652733119
61,logistic_regression,0.8513333333333334,0.02644840816544335,0.030898662348476404,0.1418751111608092,0.1638908208186222,0.8093333333333333,0.26200873362445415,0.1017274472168906,0.035333333333333335,0.15524193548387097,0.154,0.19254658385093168,0.62,0.7660626029654036
61,random_forest,0.8526666666666667,0.03355634901892619,0.05217510999756563,0.13332404418195185,0.16369149717983306,0.8353333333333334,0.24890829694323144,0.09213051823416507,0.032,0.15120967741935484,0.15,0.2028985507246377,0.6533333333333333,0.782122905027933
61,gradient_boosting,0.8466666666666667,0.04322006696221633,0.05528242983237638,0.13690508693271874,0.16861316211191227,0.8773333333333333,0.26200873362445415,0.09788867562380038,0.034,0.15120967741935484,0.15,0.2153209109730849,0.6933333333333334,0.7902735562310031
61,mlp,0.8153333333333334,0.15072446830675382,0.20095795974954792,0.15993456716724247,0.2080947815643335,1.0366666666666666,0.31004366812227074,0.12476007677543186,0.043333333333333335,0.1814516129032258,0.18,0.2525879917184265,0.8133333333333334,0.7845659163987139
61,svm_rbf,0.856,0.031221437763601156,0.05085862966789143,0.12034762524833383,0.16015590921546471,0.8093333333333333,0.26200873362445415,0.08829174664107485,0.030666666666666665,0.1532258064516129,0.152,0.19461697722567287,0.6266666666666667,0.7742998352553543
61,uncalibrated_forest,0.852,0.026057909273460397,0.028169356535883754,0.13521636579543217,0.16430561868672966,0.8433333333333334,0.26200873362445415,0.09021113243761997,0.03133333333333333,0.1532258064516129,0.152,0.20496894409937888,0.66,0.782608695652174
