model,metric,n_seeds,mean,sd,min,max
logistic_regression,accuracy,20,0.8724,0.0092,0.8513,0.8927
logistic_regression,ece_overall,20,0.0196,0.0052,0.0087,0.0279
logistic_regression,ece_high,20,0.0408,0.0077,0.0261,0.0573
logistic_regression,aurc_overall,20,0.12,0.0092,0.1022,0.1419
logistic_regression,aurc_high,20,0.1567,0.0131,0.1333,0.182
logistic_regression,harm_loss,20,0.7628,0.0505,0.6327,0.8367
logistic_regression,fnr_high_at_0.5,20,0.2242,0.0234,0.1833,0.2622
random_forest,accuracy,20,0.8731,0.0092,0.8527,0.8907
random_forest,ece_overall,20,0.0218,0.0061,0.0077,0.0336
random_forest,ece_high,20,0.0429,0.0101,0.0258,0.0705
random_forest,aurc_overall,20,0.1119,0.0082,0.0999,0.1333
random_forest,aurc_high,20,0.1527,0.0161,0.1244,0.1763
random_forest,harm_loss,20,0.7646,0.0575,0.6393,0.842
random_forest,fnr_high_at_0.5,20,0.2208,0.031,0.1583,0.28
gradient_boosting,accuracy,20,0.8687,0.0104,0.8453,0.888
gradient_boosting,ece_overall,20,0.0258,0.0081,0.0154,0.0432
gradient_boosting,ece_high,20,0.0455,0.0124,0.0283,0.068
gradient_boosting,aurc_overall,20,0.1133,0.0097,0.0979,0.1369
gradient_boosting,aurc_high,20,0.1551,0.0146,0.1228,0.1733
gradient_boosting,harm_loss,20,0.7858,0.0601,0.6327,0.878
gradient_boosting,fnr_high_at_0.5,20,0.2252,0.0288,0.1818,0.2711
mlp,accuracy,20,0.832,0.0085,0.8153,0.852
mlp,ece_overall,20,0.1394,0.0088,0.1218,0.1571
mlp,ece_high,20,0.2036,0.0133,0.189,0.2366
mlp,aurc_overall,20,0.1489,0.0078,0.1301,0.1602
mlp,aurc_high,20,0.2023,0.0219,0.1764,0.2716
mlp,harm_loss,20,0.9858,0.0478,0.8867,1.072
mlp,fnr_high_at_0.5,20,0.2526,0.0292,0.186,0.31
svm_rbf,accuracy,20,0.8728,0.0096,0.856,0.894
svm_rbf,ece_overall,20,0.0251,0.0062,0.0138,0.0386
svm_rbf,ece_high,20,0.0455,0.0122,0.027,0.0772
svm_rbf,aurc_overall,20,0.1075,0.0087,0.0905,0.1203
svm_rbf,aurc_high,20,0.1575,0.0178,0.1382,0.2066
svm_rbf,harm_loss,20,0.7611,0.0558,0.626,0.8653
svm_rbf,fnr_high_at_0.5,20,0.2292,0.028,0.1875,0.2889
uncalibrated_forest,accuracy,20,0.8728,0.0101,0.852,0.8913
uncalibrated_forest,ece_overall,20,0.0217,0.0047,0.0156,0.0319
uncalibrated_forest,ece_high,20,0.042,0.0096,0.0258,0.0602
uncalibrated_forest,aurc_overall,20,0.1152,0.0094,0.0995,0.1352
uncalibrated_forest,aurc_high,20,0.1524,0.0167,0.1227,0.1779
uncalibrated_forest,harm_loss,20,0.7652,0.0619,0.6193,0.8647
uncalibrated_forest,fnr_high_at_0.5,20,0.2247,0.0297,0.1625,0.2844
