model,threshold,n_seeds,delta_mean,delta_sd,delta_p2.5,delta_p97.5,seeds_with_gain
logistic_regression,at_0.05,20,-0.0008,0.0042,-0.0085,0.005,8
logistic_regression,at_0.20,20,0.03,0.0099,0.0142,0.0465,20
logistic_regression,at_0.50,20,0.1471,0.0532,0.0743,0.2254,20
random_forest,at_0.05,20,-0.0001,0.0043,-0.0092,0.0046,10
random_forest,at_0.20,20,0.0221,0.0091,0.0067,0.039,20
random_forest,at_0.50,20,0.1066,0.0493,0.0298,0.2106,20
gradient_boosting,at_0.05,20,-0.0007,0.0036,-0.0068,0.0052,7
gradient_boosting,at_0.20,20,0.0206,0.0093,0.0037,0.0363,20
gradient_boosting,at_0.50,20,0.1018,0.0434,0.0206,0.1762,20
svm_rbf,at_0.05,20,-0.0004,0.0016,-0.0043,0.0015,10
svm_rbf,at_0.20,20,0.0032,0.0039,-0.0014,0.0125,16
svm_rbf,at_0.50,20,0.0168,0.0211,0.0,0.0661,17
uncalibrated_forest,at_0.05,20,-0.0012,0.0064,-0.0173,0.005,10
uncalibrated_forest,at_0.20,20,0.0228,0.013,0.004,0.0425,20
uncalibrated_forest,at_0.50,20,0.1144,0.0719,0.0236,0.2414,20
mlp_calibrated,at_0.05,20,0.0,0.0,0.0,0.0,0
mlp_calibrated,at_0.20,20,0.0,0.0,0.0,0.0,0
mlp_calibrated,at_0.50,20,0.0,0.0,0.0,0.0,0
