lambda,empirical_fnr_cal,p_value,certified,fnr_test_at_lambda,alert_rate_high_tier,specificity_high_tier,alpha_risk,delta,n_cal_positives,seed
0.05,0.0034482758620689655,1.5323038548271023e-05,True,0.0,0.9675767918088737,0.06333333333333334,0.05,0.1,290,42
0.1,0.05172413793103448,1.0,False,0.024475524475524476,0.7866894197952219,0.3933333333333333,0.05,0.1,290,42
0.15,0.08620689655172414,1.0,False,0.06293706293706294,0.6774744027303754,0.57,0.05,0.1,290,42
0.2,0.11724137931034483,1.0,False,0.0979020979020979,0.6143344709897611,0.66,0.05,0.1,290,42
0.25,0.1310344827586207,1.0,False,0.12237762237762238,0.5716723549488054,0.72,0.05,0.1,290,42
0.3,0.15172413793103448,1.0,False,0.13286713286713286,0.5546075085324232,0.7433333333333333,0.05,0.1,290,42
0.35,0.17586206896551723,1.0,False,0.14685314685314685,0.537542662116041,0.7633333333333333,0.05,0.1,290,42
0.4,0.19310344827586207,1.0,False,0.15734265734265734,0.5102389078498294,0.8066666666666666,0.05,0.1,290,42
0.45,0.21724137931034482,1.0,False,0.21328671328671328,0.4658703071672355,0.84,0.05,0.1,290,42
0.5,0.2482758620689655,1.0,False,0.24475524475524477,0.43686006825938567,0.8666666666666667,0.05,0.1,290,42
0.55,0.27586206896551724,1.0,False,0.2727272727272727,0.41467576791808874,0.8833333333333333,0.05,0.1,290,42
0.6,0.3,1.0,False,0.2972027972027972,0.3924914675767918,0.9033333333333333,0.05,0.1,290,42
0.65,0.32413793103448274,1.0,False,0.3146853146853147,0.3771331058020478,0.9166666666666666,0.05,0.1,290,42
0.7,0.3413793103448276,1.0,False,0.34265734265734266,0.35665529010238906,0.93,0.05,0.1,290,42
0.75,0.41724137931034483,1.0,False,0.38461538461538464,0.32593856655290104,0.95,0.05,0.1,290,42
0.8,0.4896551724137931,1.0,False,0.43006993006993005,0.29692832764505117,0.9633333333333334,0.05,0.1,290,42
0.85,0.5620689655172414,1.0,False,0.506993006993007,0.25597269624573377,0.97,0.05,0.1,290,42
0.9,0.6310344827586207,1.0,False,0.583916083916084,0.21331058020477817,0.98,0.05,0.1,290,42
0.95,0.8,1.0,False,0.7447552447552448,0.12798634812286688,0.9933333333333333,0.05,0.1,290,42
