weighting,alpha,coverage,avg_set_size,n_cal,n_test,qhat_mean,tilt,target_coverage,shift_mechanism,seed
unweighted,0.1,1.0,1.0,1800,1800,0.6058494351177277,-3.0,0.9,tilted_sampling,42
oracle_weighted,0.1,1.0,1.998888888888889,1800,1800,0.0,-3.0,0.9,tilted_sampling,42
estimated_weighted,0.1,1.0,1.9983333333333333,1800,1800,0.0,-3.0,0.9,tilted_sampling,42
unweighted,0.1,1.0,1.0,1800,1800,0.6058494351177277,-2.0,0.9,tilted_sampling,42
oracle_weighted,0.1,1.0,1.9694444444444446,1800,1800,0.0,-2.0,0.9,tilted_sampling,42
estimated_weighted,0.1,1.0,1.9694444444444446,1800,1800,0.0,-2.0,0.9,tilted_sampling,42
unweighted,0.1,0.9905555555555555,1.0066666666666666,1800,1800,0.6058494351177277,-1.0,0.9,tilted_sampling,42
oracle_weighted,0.1,0.9588888888888889,1.48,1800,1800,0.29029555329224965,-1.0,0.9,tilted_sampling,42
estimated_weighted,0.1,0.9527777777777777,1.451111111111111,1800,1800,0.3814008460191064,-1.0,0.9,tilted_sampling,42
unweighted,0.1,0.9366666666666666,1.0316666666666667,1800,1800,0.6058494351177277,-0.5,0.9,tilted_sampling,42
oracle_weighted,0.1,0.9255555555555556,1.0094444444444444,1800,1800,0.5449831823570259,-0.5,0.9,tilted_sampling,42
estimated_weighted,0.1,0.9255555555555556,1.0094444444444444,1800,1800,0.5453887521422043,-0.5,0.9,tilted_sampling,42
unweighted,0.1,0.9022222222222223,1.0594444444444444,1800,1800,0.6058494351177277,0.0,0.9,tilted_sampling,42
oracle_weighted,0.1,0.9022222222222223,1.0594444444444444,1800,1800,0.6058494351177277,0.0,0.9,tilted_sampling,42
estimated_weighted,0.1,0.9111111111111111,1.0827777777777778,1800,1800,0.6162363707008254,0.0,0.9,tilted_sampling,42
unweighted,0.1,0.9055555555555556,1.0527777777777778,1800,1800,0.6058494351177277,0.5,0.9,tilted_sampling,42
oracle_weighted,0.1,0.9038888888888889,1.0438888888888889,1800,1800,0.5858882865930516,0.5,0.9,tilted_sampling,42
estimated_weighted,0.1,0.9038888888888889,1.0438888888888889,1800,1800,0.58675593427513,0.5,0.9,tilted_sampling,42
unweighted,0.1,0.9172222222222223,1.0527777777777778,1800,1800,0.6058494351177277,1.0,0.9,tilted_sampling,42
oracle_weighted,0.1,0.9061111111111111,1.0305555555555554,1800,1800,0.5461854946713047,1.0,0.9,tilted_sampling,42
estimated_weighted,0.1,0.9138888888888889,1.041111111111111,1800,1800,0.5843987069155393,1.0,0.9,tilted_sampling,42
unweighted,0.1,0.9522222222222222,1.0233333333333334,1800,1800,0.6058494351177277,2.0,0.9,tilted_sampling,42
oracle_weighted,0.1,0.9038888888888889,0.9372222222222222,1800,1800,0.31820074251763064,2.0,0.9,tilted_sampling,42
estimated_weighted,0.1,0.9255555555555556,0.9711111111111111,1800,1800,0.40035077913823125,2.0,0.9,tilted_sampling,42
unweighted,0.1,0.985,1.008888888888889,1800,1800,0.6058494351177277,3.0,0.9,tilted_sampling,42
oracle_weighted,0.1,0.9055555555555556,0.9055555555555556,1800,1800,0.0678353849636369,3.0,0.9,tilted_sampling,42
estimated_weighted,0.1,0.9238888888888889,0.9255555555555556,1800,1800,0.11567270985081797,3.0,0.9,tilted_sampling,42
